{
    "bounding_box": {
        "min": [
            -4.110338423526331,
            -1.6241023382692912,
            0.550749997459181
        ],
        "max": [
            3.746507556033903,
            0.3295307360032355,
            6.1609380930852256
        ]
    }
}